{
    "MSE": [
        0.009767218492925167,
        0.012912682257592678,
        0.015886427834630013,
        0.017611892893910408,
        0.01904563419520855,
        0.020234661176800728,
        0.02141355350613594,
        0.022617369890213013,
        0.02384996972978115,
        0.025288943201303482
    ],
    "MIOU": [
        0.8545750975608826,
        0.8251163363456726,
        0.7988793253898621,
        0.7874259352684021,
        0.7765164375305176,
        0.7642315626144409,
        0.7480013370513916,
        0.7303916215896606,
        0.7142372727394104,
        0.6964626312255859
    ],
    "SSIM": [
        0.8311809301376343,
        0.8241168260574341,
        0.8181040287017822,
        0.8076896071434021,
        0.8057209849357605,
        0.8015639185905457,
        0.7865425944328308,
        0.7799025774002075,
        0.7720353007316589,
        0.7584549188613892
    ]
}